{
  "hash": "dd64bc64",
  "configHash": "5a43250f",
  "lockfileHash": "313cf4a6",
  "browserHash": "8e0d10cc",
  "optimized": {
    "@angular/common": {
      "src": "../../../../../../node_modules/@angular/common/fesm2022/common.mjs",
      "file": "@angular_common.js",
      "fileHash": "fb679ecf",
      "needsInterop": false
    },
    "@angular/common/http": {
      "src": "../../../../../../node_modules/@angular/common/fesm2022/http.mjs",
      "file": "@angular_common_http.js",
      "fileHash": "3cb6a833",
      "needsInterop": false
    },
    "@angular/core": {
      "src": "../../../../../../node_modules/@angular/core/fesm2022/core.mjs",
      "file": "@angular_core.js",
      "fileHash": "e0ee03ef",
      "needsInterop": false
    },
    "@angular/forms": {
      "src": "../../../../../../node_modules/@angular/forms/fesm2022/forms.mjs",
      "file": "@angular_forms.js",
      "fileHash": "1ed916fa",
      "needsInterop": false
    },
    "@angular/platform-browser": {
      "src": "../../../../../../node_modules/@angular/platform-browser/fesm2022/platform-browser.mjs",
      "file": "@angular_platform-browser.js",
      "fileHash": "6799effe",
      "needsInterop": false
    },
    "@angular/platform-server/init": {
      "src": "../../../../../../node_modules/@angular/platform-server/fesm2022/init.mjs",
      "file": "@angular_platform-server_init.js",
      "fileHash": "2e5f9d3a",
      "needsInterop": false
    },
    "@angular/router": {
      "src": "../../../../../../node_modules/@angular/router/fesm2022/router.mjs",
      "file": "@angular_router.js",
      "fileHash": "f9c3f6a6",
      "needsInterop": false
    },
    "@angular/ssr": {
      "src": "../../../../../../node_modules/@angular/ssr/fesm2022/ssr.mjs",
      "file": "@angular_ssr.js",
      "fileHash": "affc21b9",
      "needsInterop": false
    },
    "@angular/ssr/node": {
      "src": "../../../../../../node_modules/@angular/ssr/fesm2022/node.mjs",
      "file": "@angular_ssr_node.js",
      "fileHash": "5dd0f6a3",
      "needsInterop": false
    },
    "@ng-select/ng-select": {
      "src": "../../../../../../node_modules/@ng-select/ng-select/fesm2022/ng-select-ng-select.mjs",
      "file": "@ng-select_ng-select.js",
      "fileHash": "abd8411f",
      "needsInterop": false
    },
    "express": {
      "src": "../../../../../../node_modules/express/index.js",
      "file": "express.js",
      "fileHash": "afd159cb",
      "needsInterop": true
    },
    "lucide-angular": {
      "src": "../../../../../../node_modules/lucide-angular/fesm2015/lucide-angular.mjs",
      "file": "lucide-angular.js",
      "fileHash": "cb3eaa33",
      "needsInterop": false
    },
    "rxjs": {
      "src": "../../../../../../node_modules/rxjs/dist/cjs/index.js",
      "file": "rxjs.js",
      "fileHash": "bb53a684",
      "needsInterop": true
    },
    "zone.js/node": {
      "src": "../../../../../../node_modules/zone.js/fesm2015/zone-node.js",
      "file": "zone__js_node.js",
      "fileHash": "2ef0b7d2",
      "needsInterop": true
    }
  },
  "chunks": {
    "xhr2-WBTWOK2V": {
      "file": "xhr2-WBTWOK2V.js"
    },
    "chunk-IZSEUAJU": {
      "file": "chunk-IZSEUAJU.js"
    },
    "chunk-2F2OLIDX": {
      "file": "chunk-2F2OLIDX.js"
    },
    "chunk-ITGN4GQX": {
      "file": "chunk-ITGN4GQX.js"
    },
    "chunk-MBRM3WSV": {
      "file": "chunk-MBRM3WSV.js"
    },
    "chunk-YGMP2X6A": {
      "file": "chunk-YGMP2X6A.js"
    },
    "chunk-MRHUZU6J": {
      "file": "chunk-MRHUZU6J.js"
    },
    "chunk-VHYEF4KI": {
      "file": "chunk-VHYEF4KI.js"
    },
    "chunk-II242YMC": {
      "file": "chunk-II242YMC.js"
    },
    "chunk-6KW2VHMK": {
      "file": "chunk-6KW2VHMK.js"
    },
    "chunk-YHCV7DAQ": {
      "file": "chunk-YHCV7DAQ.js"
    }
  }
}