{
  "hash": "ecd3af80",
  "configHash": "9c188040",
  "lockfileHash": "313cf4a6",
  "browserHash": "647eaa2d",
  "optimized": {
    "@angular/common": {
      "src": "../../../../../../node_modules/@angular/common/fesm2022/common.mjs",
      "file": "@angular_common.js",
      "fileHash": "650cfdea",
      "needsInterop": false
    },
    "@angular/common/http": {
      "src": "../../../../../../node_modules/@angular/common/fesm2022/http.mjs",
      "file": "@angular_common_http.js",
      "fileHash": "576f124d",
      "needsInterop": false
    },
    "@angular/core": {
      "src": "../../../../../../node_modules/@angular/core/fesm2022/core.mjs",
      "file": "@angular_core.js",
      "fileHash": "b89d2f51",
      "needsInterop": false
    },
    "@angular/forms": {
      "src": "../../../../../../node_modules/@angular/forms/fesm2022/forms.mjs",
      "file": "@angular_forms.js",
      "fileHash": "42d6b2c4",
      "needsInterop": false
    },
    "@angular/platform-browser": {
      "src": "../../../../../../node_modules/@angular/platform-browser/fesm2022/platform-browser.mjs",
      "file": "@angular_platform-browser.js",
      "fileHash": "91dd69e5",
      "needsInterop": false
    },
    "@angular/router": {
      "src": "../../../../../../node_modules/@angular/router/fesm2022/router.mjs",
      "file": "@angular_router.js",
      "fileHash": "817e237f",
      "needsInterop": false
    },
    "@ng-select/ng-select": {
      "src": "../../../../../../node_modules/@ng-select/ng-select/fesm2022/ng-select-ng-select.mjs",
      "file": "@ng-select_ng-select.js",
      "fileHash": "3913a501",
      "needsInterop": false
    },
    "lucide-angular": {
      "src": "../../../../../../node_modules/lucide-angular/fesm2020/lucide-angular.mjs",
      "file": "lucide-angular.js",
      "fileHash": "4218793f",
      "needsInterop": false
    },
    "rxjs": {
      "src": "../../../../../../node_modules/rxjs/dist/esm5/index.js",
      "file": "rxjs.js",
      "fileHash": "6d484891",
      "needsInterop": false
    },
    "zone.js": {
      "src": "../../../../../../node_modules/zone.js/fesm2015/zone.js",
      "file": "zone__js.js",
      "fileHash": "ca656e69",
      "needsInterop": true
    }
  },
  "chunks": {
    "chunk-VMZCNM4M": {
      "file": "chunk-VMZCNM4M.js"
    },
    "chunk-OUYK7UOB": {
      "file": "chunk-OUYK7UOB.js"
    },
    "chunk-43IORHZK": {
      "file": "chunk-43IORHZK.js"
    },
    "chunk-VFJY4YES": {
      "file": "chunk-VFJY4YES.js"
    },
    "chunk-KQRM5WX6": {
      "file": "chunk-KQRM5WX6.js"
    },
    "chunk-ZOESTBAM": {
      "file": "chunk-ZOESTBAM.js"
    },
    "chunk-3KKC7HMJ": {
      "file": "chunk-3KKC7HMJ.js"
    },
    "chunk-WDMUDEB6": {
      "file": "chunk-WDMUDEB6.js"
    }
  }
}